"","year","poly_year","poly_year2","poly_year3","poly_year4","sale_year","poly_saleyear1","poly_saleyear2","poly_saleyear3","poly_saleyear4","height","poly_height1","poly_height2","poly_height3","poly_height4","width","poly_width1","poly_width2","poly_width3","poly_width4"
"1",1941,-0.0894286103655133,0.118585213870804,-0.136576930914285,0.0721487754433091,1984,-0.122001384126293,0.116690289584746,-0.0614268584854121,-0.00485754131595223,58.42,-0.0250302933784963,-0.0230714568925097,0.058345735308548,-0.0282866891684945,40.64,-0.0569984191327819,0.0113655219297179,0.0521496712601285,-0.0749774242683856
"2",1950,-0.0424785899236187,0.00467384000636491,0.0320401615721093,-0.0360044442514957,2014,0.120491356073765,0.14894796387914,0.189213709233466,0.189060390528128,56.5,-0.0303273378172641,-0.0186572876430805,0.0584998478884236,-0.0365917828325623,46.3,-0.0409069458105587,-0.0128512248038934,0.0608263525847105,-0.0494394409967293
"3",1970,0.0618547888361465,-0.0813573033718435,-0.0248924885122478,0.0837659457808872,1983,-0.130084475466295,0.144860136642516,-0.118014416269707,0.0672862430372717,73.66,0.0170149968542212,-0.0441260549152266,0.0297895885484242,0.0361833018998146,48.26,-0.035334633494029,-0.0200894100036639,0.0607005248933262,-0.0380117848795393
"4",1950,-0.0424785899236187,0.00467384000636455,0.032040161572108,-0.0360044442514945,1985,-0.113918292786291,0.0904072233571452,-0.0149182717458735,-0.0531229555449591,30.48,-0.102113325471812,0.0800350864525253,-0.049543964410398,-0.0152804571846604,22.86,-0.107547252289872,0.119468436119205,-0.0879435025760173,0.0340531360444207
"5",1942,-0.0842119414275247,0.10362349464926,-0.108656539618314,0.0418427114748721,1987,-0.0977521101062871,0.0435014333924407,0.0507449566701295,-0.0938493050839896,60.96,-0.0180227450063768,-0.0283053278723219,0.0568013488275029,-0.0168487914503751,45.72,-0.0425558953736133,-0.0105960919214392,0.0605728139063491,-0.0526357260973184
"6",1950,-0.0424785899236187,0.00467384000636455,0.0320401615721079,-0.0360044442514939,1999,-0.000755014026263903,-0.0794437166617946,-0.0184744871248598,0.0628950220321241,25.4,-0.116128422216051,0.107750541505748,-0.100246298491048,0.0476707707152205,33.02,-0.0786622047715349,0.0517453869232254,0.0155454973936178,-0.0760012433547357
"7",1951,-0.0372619209856304,-0.00510185443281655,0.0405923325287132,-0.031818107774075,1995,-0.0330873793862716,-0.0686504932597146,0.0543874321034902,0.0380086835633517,66.04,-0.00400764826213761,-0.0367033442607154,0.0495337329508122,0.00617317694424098,38.1,-0.0642196810123663,0.0238338176986516,0.0433808851720152,-0.0807430188544829
"8",1950,-0.0424785899236187,0.00467384000636455,0.0320401615721079,-0.0360044442514939,1985,-0.113918292786291,0.0904072233571452,-0.0149182717458736,-0.0531229555449587,101.6,0.0940980289475369,-0.0182197043201554,-0.0894663297715212,0.0129364049671563,81.28,0.0585417709405672,-0.0532615552424448,-0.0705260845961607,0.0479389229572551
"9",1950,-0.0424785899236187,0.00467384000636455,0.0320401615721079,-0.0360044442514939,1995,-0.0330873793862716,-0.0686504932597146,0.0543874321034902,0.0380086835633517,38.1,-0.0810906803554533,0.0436362178007711,0.00643610922917314,-0.0625832144925902,25.4,-0.100325990410288,0.101050184976856,-0.0555022814959188,-0.00949060238571745
"10",1950,-0.0424785899236187,0.00467384000636455,0.0320401615721079,-0.0360044442514939,1985,-0.113918292786291,0.0904072233571452,-0.0149182717458736,-0.0531229555449587,76.2,0.0240225452263408,-0.0452204747525759,0.0212779847107745,0.0438654761223953,55.88,-0.013670847855276,-0.0426194088769227,0.0475883430829292,0.00958917241387668
"11",1950,-0.0424785899236187,0.00467384000636455,0.0320401615721079,-0.0360044442514939,1991,-0.0654197447462794,-0.0276687765749694,0.0928364097481744,-0.0462053980869428,93.98,0.0730753838311781,-0.0335639749491923,-0.0543452197056547,0.0455041192675377,71.12,0.0296567234222299,-0.060904607443068,-0.0180639877097887,0.0669017178973863
"12",1977,0.0983714714020642,-0.0570149433394182,-0.0873150858844546,0.0201639777771916,1995,-0.0330873793862716,-0.0686504932597146,0.0543874321034902,0.0380086835633517,27.94,-0.109120873843932,0.0935478597172645,-0.073485596876445,0.0125940374789651,27.94,-0.0931047285307036,0.0836235930634098,-0.0275981592839026,-0.0413734966648445
"13",1954,-0.0216119141716656,-0.0309715878954521,0.0562797089368828,-0.00992647507496273,1984,-0.122001384126293,0.116690289584747,-0.0614268584854128,-0.0048575413159591,55.88,-0.0320378417506161,-0.0171476773889528,0.0583545620003567,-0.0391785430257185,71.12,0.0296567234222299,-0.060904607443068,-0.0180639877097887,0.0669017178973863
"14",1964,0.0305547752082169,-0.0797494093427358,0.0268282548300926,0.0781370137536384,1995,-0.0330873793862716,-0.0686504932597146,0.0543874321034902,0.0380086835633517,20.32,-0.130143518960291,0.138225630653945,-0.162652745619029,0.142376457422479,15.24,-0.129211037928625,0.180673144919668,-0.214856531169147,0.250618758797795
"15",1969,0.0566381198981582,-0.0825298834732038,-0.0155809229760904,0.0866554662418244,1985,-0.113918292786291,0.0904072233571452,-0.0149182717458736,-0.0531229555449587,129.54,0.171181061040853,0.0911655776479253,-0.17451008657887,-0.249796393232338,91.44,0.0874268184589044,-0.0297519553793789,-0.112271383891116,-0.0172086688238487
"16",1950,-0.0424785899236187,0.00467384000636455,0.0320401615721079,-0.0360044442514939,1995,-0.0330873793862716,-0.0686504932597146,0.0543874321034902,0.0380086835633517,33.02,-0.0951057770996925,0.06721222171153,-0.0283144419796304,-0.0366554425091959,25.4,-0.100325990410288,0.101050184976856,-0.0555022814959188,-0.00949060238571745
"17",1950,-0.0424785899236187,0.00467384000636455,0.0320401615721079,-0.0360044442514939,1989,-0.0815859274262832,0.00414276674840251,0.0847412051206845,-0.0835731558845411,60.96,-0.0180227450063768,-0.0283053278723219,0.0568013488275029,-0.0168487914503752,45.72,-0.0425558953736133,-0.0105960919214392,0.0605728139063491,-0.0526357260973183
"18",1950,-0.0424785899236187,0.00467384000636455,0.0320401615721079,-0.0360044442514939,1985,-0.113918292786291,0.0904072233571452,-0.0149182717458736,-0.0531229555449587,83.82,0.0450451903426996,-0.0443642831221605,-0.0085500663268628,0.0568934013977744,60.96,0.000771675903892592,-0.0526811119812485,0.0299675650442304,0.0375801922490274
"19",1950,-0.0424785899236187,0.00467384000636455,0.0320401615721079,-0.0360044442514939,1985,-0.113918292786291,0.0904072233571452,-0.0149182717458736,-0.0531229555449587,33.02,-0.0951057770996925,0.06721222171153,-0.0283144419796304,-0.0366554425091959,27.94,-0.0931047285307036,0.0836235930634098,-0.0275981592839026,-0.0413734966648445
"20",1950,-0.0424785899236187,0.00467384000636455,0.0320401615721079,-0.0360044442514939,1980,-0.154333749486301,0.240690362796821,-0.355458336069104,0.471780992531522,71.12,0.0100074484821016,-0.0423417265541334,0.0374073872764983,0.0271726200747921,81.28,0.0585417709405672,-0.0532615552424448,-0.0705260845961607,0.0479389229572551
"21",1950,-0.0424785899236187,0.00467384000636455,0.0320401615721079,-0.0360044442514939,1986,-0.105835201446289,0.0660109379597097,0.0222320859667079,-0.0815421803282263,45.72,-0.0600680352390945,0.0134465258627119,0.0408950886097,-0.0687490260629593,38.1,-0.0642196810123663,0.0238338176986516,0.0433808851720152,-0.0807430188544829
"22",1955,-0.0163952452336774,-0.0384423824313613,0.0584743193534947,-0.00060098247794245,1995,-0.0330873793862716,-0.0686504932597146,0.0543874321034902,0.0380086835633517,35.56,-0.0880982287275729,0.0550792654942786,-0.00969007047086561,-0.0522067302116757,43.18,-0.0497771572531977,-0.000111114610311582,0.0578014217667608,-0.0652700318491308
"23",1981,0.119238147154017,-0.0304280738528942,-0.113200654114419,-0.0437751845870382,2009,0.0800758993737554,0.0256478829446647,-0.0484742571491714,-0.0751872827714923,31,-0.100678709269646,0.0773537702353735,-0.0449804770611949,-0.0201630508751653,45,-0.0446028672449916,-0.00772468151474732,0.0600659877887159,-0.0564584397378463
"24",1958,-0.000745238419712603,-0.0573974161841812,0.0571664332696341,0.0294264314352524,2010,0.0881589907137574,0.0465343374712267,-0.0196987907442171,-0.0619148876939477,70,0.00691750589282051,-0.0413357599982553,0.0404548173907016,0.0228397450714669,37,-0.0673469991491941,0.0295411957373802,0.0385565657645282,-0.0817445699483426
"25",1976,0.093154802464076,-0.0622210982715043,-0.0792990246058418,0.0335417492201942,1998,-0.00883810536626584,-0.0795755820565245,0.000444608893403844,0.0646107023396447,27.94,-0.109120873843932,0.0935478597172645,-0.073485596876445,0.0125940374789651,55.88,-0.013670847855276,-0.0426194088769227,0.0475883430829292,0.00958917241387668
"26",1950,-0.0424785899236187,0.00467384000636455,0.0320401615721079,-0.0360044442514939,1994,-0.0411704707262736,-0.0612352353337781,0.0690277448326246,0.0200752759223264,25.4,-0.116128422216051,0.107750541505748,-0.100246298491048,0.0476707707152205,25.4,-0.100325990410288,0.101050184976856,-0.0555022814959188,-0.00949060238571745
"27",1950,-0.0424785899236187,0.00467384000636455,0.0320401615721079,-0.0360044442514939,2005,0.0477435340137477,-0.0390301268599178,-0.0913877489450578,-0.0329941900206424,30.48,-0.102113325471812,0.0800350864525253,-0.0495439644103979,-0.0152804571846566,38.1,-0.0642196810123663,0.0238338176986516,0.0433808851720152,-0.0807430188544829
"28",1950,-0.0424785899236187,0.00467384000636455,0.0320401615721079,-0.0360044442514939,1985,-0.113918292786291,0.0904072233571452,-0.0149182717458736,-0.0531229555449587,78.74,0.0310300935984604,-0.0456249860661813,0.0119795348768256,0.0500009288065025,63.5,0.00799293778347691,-0.0562244746900574,0.0192034106186524,0.0488050825688688
"29",1951,-0.0372619209856304,-0.00510185443281655,0.0405923325287132,-0.031818107774075,1985,-0.113918292786291,0.0904072233571452,-0.0149182717458736,-0.0531229555449587,50.8,-0.0460529384948553,-0.00323039281060822,0.0533376995631602,-0.0576706554339959,66.04,0.0152141996630612,-0.0587761781699636,0.00745231554150062,0.057631649040872
"30",1951,-0.0372619209856304,-0.00510185443281655,0.0405923325287132,-0.031818107774075,2008,0.0719928080337535,0.00664820924826919,-0.0693101441539348,-0.0759584466049836,14.6,-0.145924297184119,0.17584314136285,-0.247997395353101,0.294720628693247,17.2,-0.123638725612096,0.164077616754827,-0.17775332450037,0.181047070852356
"31",1985,0.14010482290597,0.00537839524671735,-0.125045501073304,-0.116025088260795,1998,-0.00883810536626584,-0.0795755820565245,0.000444608893403844,0.0646107023396447,60.96,-0.0180227450063768,-0.0283053278723219,0.0568013488275029,-0.0168487914503752,48.26,-0.035334633494029,-0.020089410003664,0.0607005248933261,-0.0380117848795386
"32",1935,-0.120728623993442,0.220456253692237,-0.361410071061655,0.404302893974757,2014,0.120491356073765,0.14894796387914,0.189213709233467,0.18906039052813,29,-0.106196463893362,0.0878247902486042,-0.0631576019763942,0.00012668686494421,37,-0.0673469991491941,0.0295411957373802,0.0385565657645282,-0.0817445699483426
"33",1951,-0.0372619209856304,-0.00510185443281655,0.0405923325287132,-0.031818107774075,1986,-0.105835201446289,0.0660109379597097,0.0222320859667079,-0.0815421803282263,73.66,0.0170149968542212,-0.0441260549152266,0.0297895885484243,0.036183301899812,60.96,0.000771675903892592,-0.0526811119812485,0.0299675650442304,0.0375801922490274
"34",1950,-0.0424785899236187,0.00467384000636455,0.0320401615721079,-0.0360044442514939,1985,-0.113918292786291,0.0904072233571452,-0.0149182717458736,-0.0531229555449587,55.88,-0.0320378417506161,-0.0171476773889528,0.0583545620003567,-0.0391785430257185,45.72,-0.0425558953736133,-0.0105960919214392,0.0605728139063491,-0.0526357260973183
"35",1950,-0.0424785899236187,0.00467384000636455,0.0320401615721079,-0.0360044442514939,1985,-0.113918292786291,0.0904072233571452,-0.0149182717458736,-0.0531229555449587,35.56,-0.0880982287275729,0.0550792654942786,-0.00969007047086561,-0.0522067302116757,53.34,-0.0208921097348604,-0.0361010684814059,0.0539716122671823,-0.00615607434238016
"36",1944,-0.0737786035515482,0.0754287311336285,-0.0602239809064745,-0.00219709369165903,1991,-0.0654197447462794,-0.0276687765749694,0.0928364097481744,-0.0462053980869428,73.66,0.0170149968542212,-0.0441260549152266,0.0297895885484243,0.036183301899812,88.9,0.0802055565793201,-0.0371168441884994,-0.103668129092091,0.00254627226796437
"37",1974,0.0827214645880995,-0.0709047332082226,-0.0620192128955891,0.0563003084412555,1986,-0.105835201446289,0.0660109379597097,0.0222320859667079,-0.0815421803282263,101.6,0.0940980289475369,-0.0182197043201554,-0.0894663297715212,0.0129364049671563,81.28,0.0585417709405672,-0.0532615552424448,-0.0705260845961607,0.0479389229572551
"38",1950,-0.0424785899236187,0.00467384000636455,0.0320401615721079,-0.0360044442514939,1983,-0.130084475466295,0.144860136642516,-0.118014416269707,0.0672862430372746,76.2,0.0240225452263408,-0.0452204747525759,0.0212779847107745,0.0438654761223953,106.68,0.13075438973641,0.0352622212823,-0.121660527328893,-0.148041662947327
"39",1975,0.0879381335260877,-0.0668510282277724,-0.0708382138994429,0.0456193924419837,2003,0.0315773513337438,-0.0600484467812097,-0.0796218587978127,0.00886706211489801,22.86,-0.123135970588171,0.122643131817974,-0.129933028367484,0.0906793892741892,17.78,-0.121989776049041,0.159279916090611,-0.167383950198198,0.162433275746477
"40",1950,-0.0424785899236187,0.00467384000636455,0.0320401615721079,-0.0360044442514939,1984,-0.122001384126293,0.116690289584747,-0.0614268584854128,-0.0048575413159591,78.74,0.0310300935984604,-0.0456249860661813,0.0119795348768256,0.0500009288065025,68.58,0.0224354615426455,-0.0603362224209672,-0.005049042972791,0.0637434668705397
"41",1950,-0.0424785899236187,0.00467384000636455,0.0320401615721079,-0.0360044442514939,1984,-0.122001384126293,0.116690289584747,-0.0614268584854128,-0.0048575413159591,96.52,0.0800829322032977,-0.0291391265965906,-0.0661567363419501,0.0369636023616041,76.2,0.0440992471813985,-0.0590663998005618,-0.0446879269941662,0.0637902800707317
"42",1950,-0.0424785899236187,0.00467384000636455,0.0320401615721079,-0.0360044442514939,1986,-0.105835201446289,0.0660109379597097,0.0222320859667079,-0.0815421803282263,68.58,0.00299990010998198,-0.0398674896692963,0.0440244217817199,0.017078562099903,55.88,-0.013670847855276,-0.0426194088769227,0.0475883430829292,0.00958917241387668
"43",1970,0.0618547888361465,-0.0813573033718435,-0.0248924885122498,0.0837659457808918,1994,-0.0411704707262736,-0.0612352353337781,0.0690277448326246,0.0200752759223264,88.9,0.0590602870869389,-0.0403439460831641,-0.0309435421564274,0.0556533585158828,55.88,-0.013670847855276,-0.0426194088769227,0.0475883430829292,0.00958917241387668
"44",1956,-0.0111785762956891,-0.0453369519914526,0.0592959374609363,0.00924315643338143,1987,-0.0977521101062871,0.0435014333924407,0.0507449566701295,-0.0938493050839896,88.9,0.0590602870869389,-0.0403439460831641,-0.0309435421564274,0.0556533585158828,139.7,0.224630794171006,0.298596185485417,0.301215453749929,0.28989449082921
"45",1950,-0.0424785899236187,0.00467384000636455,0.0320401615721079,-0.0360044442514939,1997,-0.0169211967062678,-0.0778206666210877,0.019375122116082,0.0608805279573554,35.56,-0.0880982287275729,0.0550792654942786,-0.00969007047086561,-0.0522067302116757,27.94,-0.0931047285307036,0.0836235930634098,-0.0275981592839026,-0.0413734966648445
"46",1962,0.0201214373322404,-0.0746036448598228,0.0402401189115621,0.0653723387601883,1986,-0.105835201446289,0.0660109379597097,0.0222320859667079,-0.0815421803282263,83.82,0.0450451903426996,-0.0443642831221605,-0.0085500663268628,0.0568934013977744,104.14,0.123533127856826,0.0219473770997635,-0.126306482989572,-0.128233786930182
"47",1974,0.0827214645880995,-0.0709047332082226,-0.0620192128955891,0.0563003084412555,1998,-0.00883810536626584,-0.0795755820565245,0.000444608893403844,0.0646107023396447,106.68,0.108113125691776,-0.00454064794874473,-0.111644942655221,-0.0200574648699785,73.66,0.0368779853018142,-0.0604813332362662,-0.0313558414550583,0.0669451905949378
"48",1951,-0.0372619209856304,-0.00510185443281655,0.0405923325287132,-0.031818107774075,2010,0.0881589907137574,0.0465343374712267,-0.0196987907442171,-0.0619148876939477,28.6,-0.107300014818105,0.0899703235480755,-0.0669977742391229,0.00468732675872628,24.4,-0.103169006898313,0.10818311018848,-0.0677197891005228,0.00617621276153628
"49",1990,0.166188167595912,0.0631015435771361,-0.111667280277158,-0.194762442640039,1997,-0.0169211967062678,-0.0778206666210877,0.019375122116082,0.0608805279573554,101.6,0.0940980289475369,-0.0182197043201554,-0.0894663297715212,0.0129364049671563,63.5,0.00799293778347691,-0.0562244746900574,0.0192034106186524,0.0488050825688688
"50",1960,0.00968809945626391,-0.0671529804736379,0.0505836694056259,0.0486846737157959,2007,0.0639097166937516,-0.0104646836179597,-0.082927193776305,-0.0673503887625094,29.2,-0.105644688430991,0.0867584397609717,-0.061263344228631,-0.00208925833209869,21.5,-0.111413754713587,0.129737809146234,-0.107260851813788,0.06269938213907
"51",1945,-0.0685619346135599,0.0621956868395396,-0.0395386952299413,-0.0169284844185209,2004,0.0396604426737458,-0.0504826772356471,-0.0876727385270361,-0.0119996119560524,71.12,0.0100074484821016,-0.0423417265541334,0.0374073872764983,0.0271726200747921,55.88,-0.013670847855276,-0.0426194088769227,0.0475883430829292,0.00958917241387668
"52",1940,-0.0946452793035012,0.134123158068164,-0.16708214234406,0.108674581239796,2003,0.0315773513337438,-0.0600484467812097,-0.0796218587978127,0.00886706211489801,22.86,-0.123135970588171,0.122643131817974,-0.129933028367484,0.0906793892741892,17.78,-0.121989776049041,0.159279916090611,-0.167383950198198,0.162433275746477
"53",1943,-0.0789952724895364,0.0892380004035354,-0.0832344093258217,0.0172300834732192,1994,-0.0411704707262736,-0.0612352353337781,0.0690277448326246,0.0200752759223264,33.02,-0.0951057770996925,0.06721222171153,-0.0283144419796304,-0.0366554425091959,27.94,-0.0931047285307036,0.0836235930634098,-0.0275981592839026,-0.0413734966648445
"54",1950,-0.0424785899236187,0.00467384000636455,0.0320401615721079,-0.0360044442514939,1989,-0.0815859274262832,0.00414276674840251,0.0847412051206845,-0.0835731558845411,88.9,0.0590602870869389,-0.0403439460831641,-0.0309435421564274,0.0556533585158828,139.7,0.224630794171006,0.298596185485417,0.301215453749929,0.28989449082921
"55",1978,0.103588140340053,-0.0512325634315142,-0.09479983860495,0.00560099784553254,2012,0.104325173393761,0.0939675890148505,0.0645538483374559,0.0161120907670254,56.4,-0.0306032255484498,-0.0184165824551329,0.0584829695578758,-0.0370125805761155,76.2,0.0440992471813985,-0.0590663998005618,-0.0446879269941662,0.0637902800707317
"56",1955,-0.0163952452336774,-0.0384423824313613,0.0584743193534947,-0.00060098247794245,1994,-0.0411704707262736,-0.0612352353337781,0.0690277448326246,0.0200752759223264,109.22,0.115120674063896,0.00333374302257639,-0.122042733609178,-0.0397053816422888,43.18,-0.0497771572531977,-0.000111114610311582,0.0578014217667608,-0.0652700318491308
"57",1951,-0.0372619209856304,-0.00510185443281655,0.0405923325287132,-0.031818107774075,1994,-0.0411704707262736,-0.0612352353337781,0.0690277448326246,0.0200752759223264,50.8,-0.0460529384948553,-0.00323039281060822,0.0533376995631602,-0.0576706554339959,66.04,0.0152141996630612,-0.0587761781699636,0.00745231554150062,0.057631649040872
"58",1950,-0.0424785899236187,0.00467384000636455,0.0320401615721079,-0.0360044442514939,1988,-0.0896690187662852,0.0228787096553383,0.0713410823821891,-0.0934803279702018,68.58,0.00299990010998198,-0.0398674896692963,0.0440244217817199,0.017078562099903,86.36,0.0729842946997358,-0.0434900737687172,-0.0936850428003009,0.0202309400974889
"59",1950,-0.0424785899236187,0.00467384000636455,0.0320401615721079,-0.0360044442514939,1996,-0.0250042880462697,-0.0741789703554844,0.0375963105253767,0.0518614931801887,48.26,-0.0530604868669749,0.00476311226417989,0.0480980922076014,-0.0643768883319877,60.96,0.000771675903892592,-0.0526811119812485,0.0299675650442304,0.0375801922490274
"60",1950,-0.0424785899236187,0.00467384000636455,0.0320401615721079,-0.0360044442514939,1985,-0.113918292786291,0.0904072233571452,-0.0149182717458736,-0.0531229555449587,53.34,-0.0390453901227357,-0.0105339893616525,0.0567208697896531,-0.0491177164703078,43.18,-0.0497771572531977,-0.000111114610311582,0.0578014217667608,-0.0652700318491308
"61",1950,-0.0424785899236187,0.00467384000636455,0.0320401615721079,-0.0360044442514939,1987,-0.0977521101062871,0.0435014333924407,0.0507449566701295,-0.0938493050839896,60.96,-0.0180227450063768,-0.0283053278723219,0.0568013488275029,-0.0168487914503752,40.64,-0.056998419132782,0.0113655219297186,0.0521496712601275,-0.0749774242683862
"62",1971,0.0670714577741347,-0.0796084982946652,-0.0342786594026107,0.0792715140596977,1994,-0.0411704707262736,-0.0612352353337781,0.0690277448326246,0.0200752759223264,101.6,0.0940980289475369,-0.0182197043201554,-0.0894663297715212,0.0129364049671563,73.66,0.0368779853018142,-0.0604813332362662,-0.0313558414550583,0.0669451905949378
"63",1987,0.150538160781947,0.0267389796514309,-0.123971471469467,-0.150769685687376,1993,-0.0492535620662755,-0.0519331965776751,0.080796506694982,-0.000887461667130944,60.96,-0.0180227450063768,-0.0283053278723219,0.0568013488275029,-0.0168487914503752,101.6,0.116311865977242,0.00962419214612966,-0.128152543870883,-0.106574235391439
"64",1941,-0.0894286103655129,0.118585213870803,-0.136576930914283,0.0721487754433101,1989,-0.0815859274262832,0.00414276674840251,0.0847412051206845,-0.0835731558845411,50.8,-0.0460529384948553,-0.00323039281060822,0.0533376995631602,-0.0576706554339959,60.96,0.000771675903892592,-0.0526811119812485,0.0299675650442304,0.0375801922490274
"65",1950,-0.0424785899236187,0.00467384000636455,0.0320401615721079,-0.0360044442514939,2000,0.00732807731373803,-0.0774250704368983,-0.0366614239209112,0.0558745840001352,48.26,-0.0530604868669749,0.00476311226417989,0.0480980922076014,-0.0643768883319877,38.1,-0.0642196810123663,0.0238338176986516,0.0433808851720152,-0.0807430188544829
"66",1953,-0.0268285831096539,-0.0229245683837249,0.0526255470807694,-0.0184451850026927,1999,-0.000755014026263903,-0.0794437166617946,-0.0184744871248598,0.0628950220321241,40.64,-0.0740831319833337,0.0328830786310075,0.0201710562337625,-0.0684068720359054,91.44,0.0874268184589044,-0.0297519553793789,-0.112271383891116,-0.0172086688238487
"67",1950,-0.0424785899236187,0.00467384000636455,0.0320401615721079,-0.0360044442514939,1988,-0.0896690187662852,0.0228787096553383,0.0713410823821891,-0.0934803279702018,76.2,0.0240225452263408,-0.0452204747525759,0.0212779847107745,0.0438654761223953,60.96,0.000771675903892592,-0.0526811119812485,0.0299675650442304,0.0375801922490274
"68",1950,-0.0424785899236187,0.00467384000636455,0.0320401615721079,-0.0360044442514939,1987,-0.0977521101062871,0.0435014333924407,0.0507449566701295,-0.0938493050839896,71.12,0.0100074484821016,-0.0423417265541334,0.0374073872764983,0.0271726200747921,58.42,-0.00644958597569173,-0.048146090043537,0.0395081016038006,0.0243510095098565
"69",1973,0.0775047956501112,-0.0743822132128548,-0.0529285807246116,0.065506218947957,2013,0.112408264733763,0.120514386031912,0.12147250504977,0.0886011495880025,108,0.111754843743429,-0.00053454966222249,-0.117117267923995,-0.030018075619589,74.6,0.039550420800558,-0.060073284483871,-0.0362976723042685,0.0661524322496928
"70",1971,0.0670714577741347,-0.0796084982946652,-0.0342786594026107,0.0792715140596977,2006,0.0558266253537496,-0.0256907956540221,-0.0900461480340801,-0.0521870275518828,30.48,-0.102113325471812,0.0800350864525253,-0.0495439644103979,-0.0152804571846566,45.72,-0.0425558953736133,-0.0105960919214392,0.0605728139063491,-0.0526357260973183
"71",1950,-0.0424785899236187,0.00467384000636455,0.0320401615721079,-0.0360044442514939,1997,-0.0169211967062678,-0.0778206666210877,0.019375122116082,0.0608805279573554,63.5,-0.0110151966342572,-0.0328492903283906,0.0538283616704989,-0.00524456890656942,45.72,-0.0425558953736133,-0.0105960919214392,0.0605728139063491,-0.0526357260973183
"72",1950,-0.0424785899236187,0.00467384000636455,0.0320401615721079,-0.0360044442514939,2008,0.0719928080337535,0.00664820924826919,-0.0693101441539348,-0.0759584466049836,47,-0.0565366722799161,0.00898439917706889,0.0447770249898877,-0.0668689148355918,34,-0.0758760486132701,0.0460520732571937,0.0220484362689536,-0.0789258416288353
"73",1997,0.202704850161829,0.168115400224077,-0.0209378709114818,-0.209425840292274,2006,0.0558266253537496,-0.0256907956540221,-0.0900461480340801,-0.0521870275518828,55.88,-0.0320378417506161,-0.0171476773889528,0.0583545620003567,-0.0391785430257185,35.56,-0.0714409428919506,0.0372937726964871,0.0312583862879899,-0.0814743244728077
"74",1950,-0.0424785899236187,0.00467384000636455,0.0320401615721079,-0.0360044442514939,2004,0.0396604426737458,-0.0504826772356471,-0.0876727385270361,-0.0119996119560524,71.12,0.0100074484821016,-0.0423417265541334,0.0374073872764983,0.0271726200747921,55.88,-0.013670847855276,-0.0426194088769227,0.0475883430829292,0.00958917241387668
"75",1968,0.05142145096017,-0.0831262385987461,-0.00643052192446348,0.0879534008287029,2003,0.0315773513337438,-0.0600484467812097,-0.0796218587978127,0.00886706211489801,55.88,-0.0320378417506161,-0.0171476773889528,0.0583545620003567,-0.0391785430257185,43.18,-0.0497771572531977,-0.000111114610311582,0.0578014217667608,-0.0652700318491308
"76",1970,0.0618547888361465,-0.0813573033718435,-0.0248924885122498,0.0837659457808918,2003,0.0315773513337438,-0.0600484467812097,-0.0796218587978127,0.00886706211489801,15.24,-0.14415861570453,0.171460353897119,-0.237618978700555,0.274996787136099,27.94,-0.0931047285307036,0.0836235930634098,-0.0275981592839026,-0.0413734966648445
"77",1958,-0.000745238419712603,-0.0573974161841812,0.0571664332696341,0.0294264314352524,1997,-0.0169211967062678,-0.0778206666210877,0.019375122116082,0.0608805279573554,38.1,-0.0810906803554533,0.0436362178007711,0.00643610922917314,-0.0625832144925902,30.48,-0.0858834666511192,0.0671886603788663,-0.00399445872553509,-0.0630760710976307
"78",1942,-0.0842119414275247,0.10362349464926,-0.108656539618314,0.0418427114748721,1981,-0.146250658146299,0.206860173248553,-0.264309413043755,0.300828101131826,78.74,0.0310300935984604,-0.0456249860661813,0.0119795348768256,0.0500009288065025,104.14,0.123533127856826,0.0219473770997635,-0.126306482989572,-0.128233786930182
"79",1950,-0.0424785899236187,0.00467384000636455,0.0320401615721079,-0.0360044442514939,2011,0.0962420820537593,0.0693075728279553,0.0177369970787261,-0.0327211605439875,45.4,-0.0609508759788891,0.014589433159096,0.0398429873454104,-0.0691087380363675,30.2,-0.0866795112677663,0.0689517521925594,-0.00639285135247622,-0.0611389202621685
"80",1969,0.0566381198981582,-0.0825298834732038,-0.0155809229760904,0.0866554662418244,2008,0.0719928080337535,0.00664820924826919,-0.0693101441539348,-0.0759584466049836,38.1,-0.0810906803554533,0.0436362178007711,0.00643610922917314,-0.0625832144925902,27.9,-0.0932184491902246,0.0838903422073371,-0.0280036448989151,-0.0409540853860356
"81",1968,0.05142145096017,-0.0831262385987461,-0.00643052192446348,0.0879534008287029,2005,0.0477435340137477,-0.0390301268599178,-0.0913877489450578,-0.0329941900206424,55.88,-0.0320378417506161,-0.0171476773889528,0.0583545620003567,-0.0391785430257185,43.18,-0.0497771572531977,-0.000111114610311582,0.0578014217667608,-0.0652700318491308
"82",1956,-0.0111785762956891,-0.0453369519914526,0.0592959374609363,0.00924315643338143,1991,-0.0654197447462794,-0.0276687765749694,0.0928364097481744,-0.0462053980869428,78.74,0.0310300935984604,-0.0456249860661813,0.0119795348768256,0.0500009288065025,66.04,0.0152141996630612,-0.0587761781699636,0.00745231554150062,0.057631649040872
"83",2003,0.234004863789759,0.280600051406927,0.143942080989751,-0.0324090691471342,2011,0.0962420820537593,0.0693075728279553,0.0177369970787261,-0.0327211605439875,77.5,0.0276090857317564,-0.0455136985463112,0.0166105026277218,0.0472115746816197,57.2,-0.00991806609108262,-0.0456153076658335,0.0435859919976796,0.0174199541342668
"84",1950,-0.0424785899236187,0.00467384000636455,0.0320401615721079,-0.0360044442514939,2000,0.00732807731373803,-0.0774250704368983,-0.0366614239209112,0.0558745840001352,55.88,-0.0320378417506161,-0.0171476773889528,0.0583545620003567,-0.0391785430257185,40.64,-0.056998419132782,0.0113655219297186,0.0521496712601275,-0.0749774242683862
"85",1943,-0.0789952724895364,0.0892380004035354,-0.0832344093258217,0.0172300834732192,1999,-0.000755014026263903,-0.0794437166617946,-0.0184744871248598,0.0628950220321241,30.48,-0.102113325471812,0.0800350864525253,-0.0495439644103979,-0.0152804571846566,20.32,-0.114768514169457,0.138878346490457,-0.125158499738632,0.0908158495642548
"86",1974,0.0827214645880995,-0.0709047332082226,-0.0620192128955891,0.0563003084412555,1998,-0.00883810536626584,-0.0795755820565245,0.000444608893403844,0.0646107023396447,101.6,0.0940980289475369,-0.0182197043201554,-0.0894663297715212,0.0129364049671563,81.28,0.0585417709405672,-0.0532615552424448,-0.0705260845961607,0.0479389229572551
"87",1950,-0.0424785899236187,0.00467384000636455,0.0320401615721079,-0.0360044442514939,1992,-0.0573366534062774,-0.0407443769914056,0.0889729756727645,-0.0235301698689892,88.9,0.0590602870869389,-0.0403439460831641,-0.0309435421564274,0.0556533585158828,60.96,0.000771675903892592,-0.0526811119812485,0.0299675650442304,0.0375801922490274
"88",1977,0.0983714714020642,-0.0570149433394182,-0.0873150858844546,0.0201639777771916,2013,0.112408264733763,0.120514386031912,0.12147250504977,0.0886011495880025,61.6,-0.0162570635267876,-0.0295152804036353,0.0561826747479736,-0.0139262295272432,51.4,-0.0264075617216295,-0.0304545422742528,0.0575571281905515,-0.0184582284620043
"89",1973,0.0775047956501112,-0.0743822132128548,-0.0529285807246116,0.065506218947957,2001,0.01541116865374,-0.0735196433818353,-0.0533954594769523,0.0439885764692947,68.58,0.00299990010998198,-0.0398674896692963,0.0440244217817199,0.017078562099903,22.86,-0.107547252289872,0.119468436119205,-0.0879435025760173,0.0340531360444213
"90",1979,0.108804809278041,-0.0448739585477922,-0.101666723636997,-0.0100139501109746,1997,-0.0169211967062678,-0.0778206666210877,0.019375122116082,0.0608805279573554,170.18,0.283301834994766,0.399291683457449,0.0555029869215705,-0.386099431636409,132.08,0.202967008532254,0.222951920697312,0.130862229318645,-0.00230108866372339
"91",1980,0.114021478216029,-0.0379391286882522,-0.107829181850263,-0.026529304897269,2013,0.112408264733763,0.120514386031912,0.12147250504977,0.0886011495880025,58.4,-0.0250854709247336,-0.0230275077474937,0.0583519430761783,-0.0283751006677763,58.4,-0.00650644630545224,-0.0481064462976916,0.0395777400572089,0.0242400911024672
"92",1950,-0.0424785899236187,0.00467384000636455,0.0320401615721079,-0.0360044442514939,2003,0.0315773513337438,-0.0600484467812097,-0.0796218587978127,0.00886706211489801,38.1,-0.0810906803554533,0.0436362178007711,0.00643610922917314,-0.0625832144925902,22.86,-0.107547252289872,0.119468436119205,-0.0879435025760173,0.0340531360444213
"93",1950,-0.0424785899236187,0.00467384000636455,0.0320401615721079,-0.0360044442514939,2010,0.0881589907137574,0.0465343374712267,-0.0196987907442171,-0.0619148876939477,71,0.00967638320467862,-0.0422403605852496,0.0377433666424938,0.0267180838619933,55,-0.0161727023647383,-0.0404733541693666,0.0500040134182927,0.00421523897209683
"94",1950,-0.0424785899236187,0.00467384000636455,0.0320401615721079,-0.0360044442514939,2007,0.0639097166937516,-0.0104646836179597,-0.082927193776305,-0.0673503887625094,60.96,-0.0180227450063768,-0.0283053278723219,0.0568013488275029,-0.0168487914503752,43.18,-0.0497771572531977,-0.000111114610311582,0.0578014217667608,-0.0652700318491308
"95",1973,0.0775047956501112,-0.0743822132128548,-0.0529285807246116,0.065506218947957,2004,0.0396604426737458,-0.0504826772356471,-0.0876727385270361,-0.0119996119560524,88.9,0.0590602870869389,-0.0403439460831641,-0.0309435421564274,0.0556533585158828,71.12,0.0296567234222299,-0.060904607443068,-0.0180639877097887,0.0669017178973863
"96",1960,0.00968809945626391,-0.0671529804736379,0.0505836694056259,0.0486846737157959,1994,-0.0411704707262736,-0.0612352353337781,0.0690277448326246,0.0200752759223264,76.2,0.0240225452263408,-0.0452204747525759,0.0212779847107745,0.0438654761223953,55.88,-0.013670847855276,-0.0426194088769227,0.0475883430829292,0.00958917241387668
"97",1950,-0.0424785899236187,0.00467384000636455,0.0320401615721079,-0.0360044442514939,1988,-0.0896690187662852,0.0228787096553383,0.0713410823821891,-0.0934803279702018,91.44,0.0660678354590584,-0.0372989147780502,-0.0425718352727215,0.0517241075455173,116.84,0.159639437254748,0.0984381903014727,-0.0703442126038091,-0.189086685295989
"98",1973,0.0775047956501112,-0.0743822132128548,-0.0529285807246116,0.065506218947957,2001,0.01541116865374,-0.0735196433818353,-0.0533954594769523,0.0439885764692947,88.9,0.0590602870869389,-0.0403439460831641,-0.0309435421564274,0.0556533585158828,27.94,-0.0931047285307036,0.0836235930634098,-0.0275981592839026,-0.0413734966648445
"99",1954,-0.0216119141716656,-0.0309715878954521,0.0562797089368828,-0.00992647507496273,1990,-0.0735028360862813,-0.0127063953283667,0.0916660669034137,-0.0669676044644117,60.96,-0.0180227450063768,-0.0283053278723219,0.0568013488275029,-0.0168487914503752,78.74,0.0513205090609828,-0.0566598071359546,-0.0578235671126783,0.0574309880663173
"100",1950,-0.0424785899236187,0.00467384000636455,0.0320401615721079,-0.0360044442514939,2004,0.0396604426737458,-0.0504826772356471,-0.0876727385270361,-0.0119996119560524,68.58,0.00299990010998198,-0.0398674896692963,0.0440244217817199,0.017078562099903,45.72,-0.0425558953736133,-0.0105960919214392,0.0605728139063491,-0.0526357260973183
"101",1947,-0.0581285967375834,0.0374582731788157,-0.00479731558399206,-0.0341709604969699,1995,-0.0330873793862716,-0.0686504932597146,0.0543874321034902,0.0380086835633517,58.42,-0.0250302933784964,-0.0230714568925093,0.0583457353085478,-0.0282866891684948,68.58,0.0224354615426455,-0.0603362224209672,-0.005049042972791,0.0637434668705397
"102",1958,-0.000745238419712603,-0.0573974161841812,0.0571664332696341,0.0294264314352524,2011,0.0962420820537593,0.0693075728279553,0.0177369970787261,-0.0327211605439875,43.2,-0.0670204060649769,0.0227433475109022,0.0317031124803535,-0.0702732761779029,65.1,0.0125417641643174,-0.0579474349917614,0.0119011957407526,0.0546663955496357
"103",1950,-0.0424785899236187,0.00467384000636455,0.0320401615721079,-0.0360044442514939,2007,0.0639097166937516,-0.0104646836179597,-0.082927193776305,-0.0673503887625094,76.2,0.0240225452263408,-0.0452204747525759,0.0212779847107745,0.0438654761223953,55.88,-0.013670847855276,-0.0426194088769227,0.0475883430829292,0.00958917241387668
"104",1954,-0.0216119141716656,-0.0309715878954521,0.0562797089368828,-0.00992647507496273,1998,-0.00883810536626584,-0.0795755820565245,0.000444608893403844,0.0646107023396447,71.12,0.0100074484821016,-0.0423417265541334,0.0374073872764983,0.0271726200747921,99.06,0.109090604097657,-0.00170733357860148,-0.127435387187259,-0.0839106830467745
"105",1960,0.00968809945626391,-0.0671529804736379,0.0505836694056259,0.0486846737157959,1997,-0.0169211967062678,-0.0778206666210877,0.019375122116082,0.0608805279573554,60.96,-0.0180227450063768,-0.0283053278723219,0.0568013488275029,-0.0168487914503752,91.44,0.0874268184589044,-0.0297519553793789,-0.112271383891116,-0.0172086688238487
"106",1950,-0.0424785899236187,0.00467384000636455,0.0320401615721079,-0.0360044442514939,1997,-0.0169211967062678,-0.0778206666210877,0.019375122116082,0.0608805279573554,66.04,-0.00400764826213761,-0.0367033442607154,0.0495337329508122,0.00617317694424098,53.34,-0.0208921097348604,-0.0361010684814059,0.0539716122671823,-0.00615607434238016
"107",1954,-0.0216119141716656,-0.0309715878954521,0.0562797089368828,-0.00992647507496273,1993,-0.0492535620662755,-0.0519331965776751,0.080796506694982,-0.000887461667130944,73.66,0.0170149968542212,-0.0441260549152266,0.0297895885484243,0.036183301899812,55.88,-0.013670847855276,-0.0426194088769227,0.0475883430829292,0.00958917241387668
"108",1997,0.202704850161829,0.168115400224077,-0.0209378709114818,-0.209425840292274,2010,0.0881589907137574,0.0465343374712267,-0.0196987907442171,-0.0619148876939477,41,-0.0730899361510648,0.031414832272362,0.0219304448518916,-0.0688986081695611,86,0.0719608087640467,-0.0443131308414843,-0.0921721458943773,0.0225468931105399
"109",1950,-0.0424785899236187,0.00467384000636455,0.0320401615721079,-0.0360044442514939,2008,0.0719928080337535,0.00664820924826919,-0.0693101441539348,-0.0759584466049836,75.5,0.0220913311080401,-0.044987729792951,0.0237067851189903,0.0418939663616184,50,-0.0303877848048649,-0.0260203614407431,0.0593844463384566,-0.0272927057660167
"110",1975,0.0879381335260877,-0.0668510282277724,-0.0708382138994429,0.0456193924419837,2005,0.0477435340137477,-0.0390301268599178,-0.0913877489450578,-0.0329941900206424,106.68,0.108113125691776,-0.00454064794874473,-0.111644942655221,-0.0200574648699785,76.2,0.0440992471813985,-0.0590663998005618,-0.0446879269941662,0.0637902800707317
"111",1954,-0.0216119141716656,-0.0309715878954521,0.0562797089368828,-0.00992647507496273,2000,0.00732807731373803,-0.0774250704368983,-0.0366614239209112,0.0558745840001352,55.88,-0.0320378417506161,-0.0171476773889528,0.0583545620003567,-0.0391785430257185,71.12,0.0296567234222299,-0.060904607443068,-0.0180639877097887,0.0669017178973863
"112",1950,-0.0424785899236187,0.00467384000636455,0.0320401615721079,-0.0360044442514939,1993,-0.0492535620662755,-0.0519331965776751,0.080796506694982,-0.000887461667130944,88.9,0.0590602870869389,-0.0403439460831641,-0.0309435421564274,0.0556533585158828,63.5,0.00799293778347691,-0.0562244746900574,0.0192034106186524,0.0488050825688688
"113",1974,0.0827214645880995,-0.0709047332082226,-0.0620192128955891,0.0563003084412555,2007,0.0639097166937516,-0.0104646836179597,-0.082927193776305,-0.0673503887625094,76.2,0.0240225452263408,-0.0452204747525759,0.0212779847107745,0.0438654761223953,56.8,-0.0110552726862928,-0.0447357417257544,0.0448452391405443,0.0150800426971891
"114",1950,-0.0424785899236187,0.00467384000636455,0.0320401615721079,-0.0360044442514939,2009,0.0800758993737554,0.0256478829446647,-0.0484742571491714,-0.0751872827714923,46.3,-0.0584678863982168,0.0114029166931643,0.042718413399571,-0.067982631475605,36.8,-0.0679156024467992,0.0305988828087572,0.0376103372686605,-0.081818092149865
"115",1986,0.145321491843959,0.0157705749611652,-0.125163656636935,-0.133734137979431,2008,0.0719928080337535,0.00664820924826919,-0.0693101441539348,-0.0759584466049836,76,0.0234707697639692,-0.0451593229944357,0.0219781236589012,0.0433140028902048,56,-0.013329685876713,-0.0429028302514067,0.0472429320853047,0.0103133274656863
"116",1947,-0.0581285967375834,0.0374582731788157,-0.00479731558399206,-0.0341709604969699,2001,0.01541116865374,-0.0735196433818353,-0.0533954594769523,0.0439885764692947,50.8,-0.0460529384948553,-0.00323039281060822,0.0533376995631602,-0.0576706554339959,40.64,-0.056998419132782,0.0113655219297186,0.0521496712601275,-0.0749774242683862
"117",1955,-0.0163952452336774,-0.0384423824313613,0.0584743193534947,-0.00060098247794245,1989,-0.0815859274262832,0.00414276674840251,0.0847412051206845,-0.0835731558845411,101.6,0.0940980289475369,-0.0182197043201554,-0.0894663297715212,0.0129364049671563,71.12,0.0296567234222299,-0.060904607443068,-0.0180639877097887,0.0669017178973863
"118",1955,-0.0163952452336774,-0.0384423824313613,0.0584743193534947,-0.00060098247794245,1995,-0.0330873793862716,-0.0686504932597146,0.0543874321034902,0.0380086835633517,76.2,0.0240225452263408,-0.0452204747525759,0.0212779847107745,0.0438654761223953,58.42,-0.00644958597569173,-0.048146090043537,0.0395081016038006,0.0243510095098565
"119",1950,-0.0424785899236187,0.00467384000636455,0.0320401615721079,-0.0360044442514939,1992,-0.0573366534062774,-0.0407443769914056,0.0889729756727645,-0.0235301698689892,88.9,0.0590602870869389,-0.0403439460831641,-0.0309435421564274,0.0556533585158828,109.22,0.137975651615995,0.0495687246937392,-0.113977999674411,-0.165072582093186
"120",1950,-0.0424785899236187,0.00467384000636455,0.0320401615721079,-0.0360044442514939,2008,0.0719928080337535,0.00664820924826919,-0.0693101441539348,-0.0759584466049836,70,0.00691750589282051,-0.0413357599982553,0.0404548173907016,0.0228397450714669,50,-0.0303877848048649,-0.0260203614407431,0.0593844463384566,-0.0272927057660167
"121",1987,0.150538160781947,0.0267389796514309,-0.123971471469467,-0.150769685687376,2003,0.0315773513337438,-0.0600484467812097,-0.0796218587978127,0.00886706211489801,53.34,-0.0390453901227357,-0.0105339893616525,0.0567208697896531,-0.0491177164703078,63.5,0.00799293778347691,-0.0562244746900574,0.0192034106186524,0.0488050825688688
"122",1950,-0.0424785899236187,0.00467384000636455,0.0320401615721079,-0.0360044442514939,1995,-0.0330873793862716,-0.0686504932597146,0.0543874321034902,0.0380086835633517,48.26,-0.0530604868669749,0.00476311226417989,0.0480980922076014,-0.0643768883319877,43.18,-0.0497771572531977,-0.000111114610311582,0.0578014217667608,-0.0652700318491308
"123",1950,-0.0424785899236187,0.00467384000636455,0.0320401615721079,-0.0360044442514939,1994,-0.0411704707262736,-0.0612352353337781,0.0690277448326246,0.0200752759223264,60.96,-0.0180227450063768,-0.0283053278723219,0.0568013488275029,-0.0168487914503752,50.8,-0.0281133716144447,-0.0285910688569863,0.0584212319421259,-0.0222578794283704
"124",1950,-0.0424785899236187,0.00467384000636455,0.0320401615721079,-0.0360044442514939,1984,-0.122001384126293,0.116690289584747,-0.0614268584854128,-0.0048575413159591,73.66,0.0170149968542212,-0.0441260549152266,0.0297895885484243,0.036183301899812,58.42,-0.00644958597569173,-0.048146090043537,0.0395081016038006,0.0243510095098565
"125",1956,-0.0111785762956891,-0.0453369519914526,0.0592959374609363,0.00924315643338143,2013,0.112408264733763,0.120514386031912,0.12147250504977,0.0886011495880025,36.8,-0.0846772208608689,0.0494067053098889,-0.00151197618973927,-0.057879728516264,62.2,0.004297016349044,-0.054534830830241,0.0248508227376135,0.0433366939122972
"126",1969,0.0566381198981582,-0.0825298834732038,-0.0155809229760904,0.0866554662418244,2012,0.104325173393761,0.0939675890148505,0.0645538483374559,0.0161120907670254,129.5,0.171070705948378,0.0909493070798535,-0.174480580738031,-0.249336750481122,90.8,0.0856072879065682,-0.0317011295469155,-0.110246666556287,-0.01205984876706
"127",1969,0.0566381198981582,-0.0825298834732038,-0.0155809229760904,0.0866554662418244,2011,0.0962420820537593,0.0693075728279553,0.0177369970787261,-0.0327211605439875,77,0.0262296470758273,-0.0454223073711158,0.0184291665325723,0.0459743446650547,56.5,-0.0119081776327003,-0.0440599279844661,0.0457635019556267,0.0133054977391178
"128",1969,0.0566381198981582,-0.0825298834732038,-0.0155809229760904,0.0866554662418244,2010,0.0881589907137574,0.0465343374712267,-0.0196987907442171,-0.0619148876939477,90.1,0.0623709398611686,-0.0389913251883633,-0.0364123555445586,0.0540795220240756,132.1,0.203023868862014,0.223138780305628,0.131242903740448,-0.0017473276487343
"129",1958,-0.000745238419712603,-0.0573974161841812,0.0571664332696341,0.0294264314352524,2001,0.01541116865374,-0.0735196433818353,-0.0533954594769523,0.0439885764692947,60.96,-0.0180227450063768,-0.0283053278723219,0.0568013488275029,-0.0168487914503752,83.82,0.0657630328201514,-0.0488716441200324,-0.0825588022301796,0.0354632997531177
"130",1950,-0.0424785899236187,0.00467384000636455,0.0320401615721079,-0.0360044442514939,2004,0.0396604426737458,-0.0504826772356471,-0.0876727385270361,-0.0119996119560524,91.44,0.0660678354590584,-0.0372989147780502,-0.0425718352727215,0.0517241075455173,60.96,0.000771675903892592,-0.0526811119812485,0.0299675650442304,0.0375801922490274
"131",1950,-0.0424785899236187,0.00467384000636455,0.0320401615721079,-0.0360044442514939,2000,0.00732807731373803,-0.0774250704368983,-0.0366614239209112,0.0558745840001352,45.72,-0.0600680352390945,0.0134465258627119,0.0408950886097,-0.0687490260629593,60.96,0.000771675903892592,-0.0526811119812485,0.0299675650442304,0.0375801922490274
"132",1958,-0.000745238419712603,-0.0573974161841812,0.0571664332696341,0.0294264314352524,2005,0.0477435340137477,-0.0390301268599178,-0.0913877489450578,-0.0329941900206424,71.12,0.0100074484821016,-0.0423417265541334,0.0374073872764983,0.0271726200747921,101.6,0.116311865977242,0.00962419214612966,-0.128152543870883,-0.106574235391439
"133",1948,-0.0529119277995952,0.0259539038121807,0.00943189664608651,-0.0375697709898139,2004,0.0396604426737458,-0.0504826772356471,-0.0876727385270361,-0.0119996119560524,68.58,0.00299990010998198,-0.0398674896692963,0.0440244217817199,0.017078562099903,50.8,-0.0281133716144447,-0.0285910688569863,0.0584212319421259,-0.0222578794283704
"134",1950,-0.0424785899236187,0.00467384000636455,0.0320401615721079,-0.0360044442514939,2003,0.0315773513337438,-0.0600484467812097,-0.0796218587978127,0.00886706211489801,25.4,-0.116128422216051,0.107750541505748,-0.100246298491048,0.0476707707152205,17.78,-0.121989776049041,0.159279916090611,-0.167383950198198,0.162433275746477
"135",1997,0.202704850161829,0.168115400224077,-0.0209378709114818,-0.209425840292274,2000,0.00732807731373803,-0.0774250704368983,-0.0366614239209112,0.0558745840001352,63.5,-0.0110151966342572,-0.0328492903283906,0.0538283616704989,-0.00524456890656942,53.34,-0.0208921097348604,-0.0361010684814059,0.0539716122671823,-0.00615607434238016
"136",1950,-0.0424785899236187,0.00467384000636455,0.0320401615721079,-0.0360044442514939,1999,-0.000755014026263903,-0.0794437166617946,-0.0184744871248598,0.0628950220321241,96.52,0.0800829322032977,-0.0291391265965906,-0.0661567363419501,0.0369636023616041,81.28,0.0585417709405672,-0.0532615552424448,-0.0705260845961607,0.0479389229572551
"137",1954,-0.0216119141716656,-0.0309715878954521,0.0562797089368828,-0.00992647507496273,1993,-0.0492535620662755,-0.0519331965776751,0.080796506694982,-0.000887461667130944,45.72,-0.0600680352390945,0.0134465258627119,0.0408950886097,-0.0687490260629593,35.56,-0.0714409428919506,0.0372937726964871,0.0312583862879899,-0.0814743244728077
"138",1948,-0.0529119277995952,0.0259539038121807,0.00943189664608651,-0.0375697709898139,2011,0.0962420820537593,0.0693075728279553,0.0177369970787261,-0.0327211605439875,64.5,-0.00825631932239912,-0.0344489751432253,0.0522893707243502,-0.000708468976211276,49.8,-0.03095638810247,-0.0253623138378928,0.059590743230255,-0.0285433608305928
"139",1950,-0.0424785899236187,0.00467384000636455,0.0320401615721079,-0.0360044442514939,1988,-0.0896690187662852,0.0228787096553383,0.0713410823821891,-0.0934803279702018,71.12,0.0100074484821016,-0.0423417265541334,0.0374073872764983,0.0271726200747921,86.36,0.0729842946997358,-0.0434900737687172,-0.0936850428003009,0.0202309400974889
"140",1950,-0.0424785899236187,0.00467384000636455,0.0320401615721079,-0.0360044442514939,2010,0.0881589907137574,0.0465343374712267,-0.0196987907442171,-0.0619148876939477,44.1,-0.0645374164843047,0.0193450976955668,0.0352264677076374,-0.0700834165536746,53.3,-0.0210058303943814,-0.0359904861451798,0.0540572918776175,-0.00640863023694498
"141",1950,-0.0424785899236187,0.00467384000636455,0.0320401615721079,-0.0360044442514939,2007,0.0639097166937516,-0.0104646836179597,-0.082927193776305,-0.0673503887625094,76.2,0.0240225452263408,-0.0452204747525759,0.0212779847107745,0.0438654761223953,55.88,-0.013670847855276,-0.0426194088769227,0.0475883430829292,0.00958917241387668
"142",1947,-0.0581285967375834,0.0374582731788157,-0.00479731558399206,-0.0341709604969699,2007,0.0639097166937516,-0.0104646836179597,-0.082927193776305,-0.0673503887625094,58.42,-0.0250302933784964,-0.0230714568925093,0.0583457353085478,-0.0282866891684948,68.58,0.0224354615426455,-0.0603362224209672,-0.005049042972791,0.0637434668705397
"143",1946,-0.0633452656755717,0.0495388675212687,-0.0210919931658909,-0.0274354323748731,1998,-0.00883810536626584,-0.0795755820565245,0.000444608893403844,0.0646107023396447,104.14,0.101105577319656,-0.011725130396322,-0.100750488338244,-0.00247527057939611,78.74,0.0513205090609828,-0.0566598071359546,-0.0578235671126783,0.0574309880663173
"144",1978,0.103588140340053,-0.0512325634315142,-0.09479983860495,0.00560099784553254,1998,-0.00883810536626584,-0.0795755820565245,0.000444608893403844,0.0646107023396447,81.28,0.03803764197058,-0.0453395888560428,0.00200119815985422,0.0543983635326231,119.38,0.166860699134332,0.116711330628522,-0.0481486248297771,-0.184204830779588
"145",1956,-0.0111785762956891,-0.0453369519914526,0.0592959374609363,0.00924315643338143,1995,-0.0330873793862716,-0.0686504932597146,0.0543874321034902,0.0380086835633517,50.8,-0.0460529384948553,-0.00323039281060822,0.0533376995631602,-0.0576706554339959,40.64,-0.056998419132782,0.0113655219297186,0.0521496712601275,-0.0749774242683862
"146",1947,-0.0581285967375834,0.0374582731788157,-0.00479731558399206,-0.0341709604969699,2014,0.120491356073765,0.14894796387914,0.189213709233467,0.18906039052813,48.3,-0.0529501317745006,0.00463188349274557,0.0481955413976157,-0.064288053681593,63.5,0.00799293778347691,-0.0562244746900574,0.0192034106186524,0.0488050825688688
"147",1984,0.134888153967982,-0.00443755949191251,-0.123703563908906,-0.0979223428452906,1998,-0.00883810536626584,-0.0795755820565245,0.000444608893403844,0.0646107023396447,63.5,-0.0110151966342572,-0.0328492903283906,0.0538283616704989,-0.00524456890656942,50.8,-0.0281133716144447,-0.0285910688569863,0.0584212319421259,-0.0222578794283704
"148",1967,0.0462047820221817,-0.0831463687484705,0.00247215551229942,0.0876913956589865,2000,0.00732807731373803,-0.0774250704368983,-0.0366614239209112,0.0558745840001352,76.2,0.0240225452263408,-0.0452204747525759,0.0212779847107745,0.0438654761223953,104.14,0.123533127856826,0.0219473770997635,-0.126306482989572,-0.128233786930182
"149",1971,0.0670714577741347,-0.0796084982946652,-0.0342786594026107,0.0792715140596977,2008,0.0719928080337535,0.00664820924826919,-0.0693101441539348,-0.0759584466049836,96,0.0786483160011315,-0.030101163868087,-0.0637407369441108,0.0389014949104984,90,0.083332874716148,-0.0340490617433088,-0.10757721563016,-0.00578004118258132
"150",1958,-0.000745238419712603,-0.0573974161841812,0.0571664332696341,0.0294264314352524,1998,-0.00883810536626584,-0.0795755820565245,0.000444608893403844,0.0646107023396447,50.8,-0.0460529384948553,-0.00323039281060822,0.0533376995631602,-0.0576706554339959,40.64,-0.056998419132782,0.0113655219297186,0.0521496712601275,-0.0749774242683862
"151",1950,-0.0424785899236187,0.00467384000636455,0.0320401615721079,-0.0360044442514939,2011,0.0962420820537593,0.0693075728279553,0.0177369970787261,-0.0327211605439875,69.8,0.00636573043044887,-0.0411420075566501,0.0409778249191045,0.022045531568652,55.2,-0.0156040990671333,-0.0409715459848063,0.0494733942587396,0.00544573252513187
"152",1943,-0.0789952724895364,0.0892380004035354,-0.0832344093258217,0.0172300834732192,2001,0.01541116865374,-0.0735196433818353,-0.0533954594769523,0.0439885764692947,83.82,0.0450451903426996,-0.0443642831221605,-0.0085500663268628,0.0568934013977744,106.68,0.13075438973641,0.0352622212823,-0.121660527328893,-0.148041662947327
"153",1966,0.0409881130841934,-0.0825902739223769,0.0110405502038673,0.0859194175813861,2011,0.0962420820537593,0.0693075728279553,0.0177369970787261,-0.0327211605439875,52.07,-0.0425491643087955,-0.00696842965159833,0.0552546543729601,-0.0535956138570206,43.18,-0.0497771572531977,-0.000111114610311582,0.0578014217667608,-0.0652700318491308
"154",1942,-0.0842119414275247,0.10362349464926,-0.108656539618314,0.0418427114748721,2011,0.0962420820537593,0.0693075728279553,0.0177369970787261,-0.0327211605439875,47.3,-0.0557090090863587,0.00796393207542874,0.0456122738935693,-0.0663309079511649,59.4,-0.00366342981742692,-0.0500133169208891,0.0359871724050019,0.0296643024416502
"155",1965,0.0357714441462052,-0.0814579541204653,0.0191881030199088,0.0827057541758651,1999,-0.000755014026263903,-0.0794437166617946,-0.0184744871248598,0.0628950220321241,88.9,0.0590602870869389,-0.0403439460831641,-0.0309435421564274,0.0556533585158828,71.12,0.0296567234222299,-0.060904607443068,-0.0180639877097887,0.0669017178973863
"156",1950,-0.0424785899236187,0.00467384000636455,0.0320401615721079,-0.0360044442514939,1994,-0.0411704707262736,-0.0612352353337781,0.0690277448326246,0.0200752759223264,60.96,-0.0180227450063768,-0.0283053278723219,0.0568013488275029,-0.0168487914503752,73.66,0.0368779853018142,-0.0604813332362662,-0.0313558414550583,0.0669451905949378
"157",1945,-0.0685619346135599,0.0621956868395396,-0.0395386952299413,-0.0169284844185209,1994,-0.0411704707262736,-0.0612352353337781,0.0690277448326246,0.0200752759223264,81.28,0.03803764197058,-0.0453395888560428,0.00200119815985422,0.0543983635326231,76.2,0.0440992471813985,-0.0590663998005618,-0.0446879269941662,0.0637902800707317
"158",1965,0.0357714441462052,-0.0814579541204653,0.0191881030199088,0.0827057541758651,2012,0.104325173393761,0.0939675890148505,0.0645538483374559,0.0161120907670254,87.6,0.0554737465815233,-0.041635514328905,-0.0250828331965919,0.0567954554395462,71.7,0.0313056729852846,-0.0608953216138548,-0.0210832768648926,0.0671903193393368
"159",1940,-0.0946452793035012,0.134123158068164,-0.16708214234406,0.108674581239796,1998,-0.00883810536626584,-0.0795755820565245,0.000444608893403844,0.0646107023396447,50.8,-0.0460529384948553,-0.00323039281060822,0.0533376995631602,-0.0576706554339959,48.26,-0.035334633494029,-0.020089410003664,0.0607005248933261,-0.0380117848795386
"160",1948,-0.0529119277995952,0.0259539038121807,0.00943189664608651,-0.0375697709898139,2011,0.0962420820537593,0.0693075728279553,0.0177369970787261,-0.0327211605439875,99.69,0.0888285732818879,-0.0226489679424049,-0.0807889251156556,0.0230476846465258,65.7,0.0142475740571326,-0.0584920981628898,0.00907397522024061,0.0566013748579467
"161",1950,-0.0424785899236187,0.00467384000636455,0.0320401615721079,-0.0360044442514939,2006,0.0558266253537496,-0.0256907956540221,-0.0900461480340801,-0.0521870275518828,88.9,0.0590602870869389,-0.0403439460831641,-0.0309435421564274,0.0556533585158828,60.96,0.000771675903892592,-0.0526811119812485,0.0299675650442304,0.0375801922490274
"162",1984,0.134888153967982,-0.00443755949191251,-0.123703563908906,-0.0979223428452906,2013,0.112408264733763,0.120514386031912,0.12147250504977,0.0886011495880025,101.6,0.0940980289475369,-0.0182197043201554,-0.0894663297715212,0.0129364049671563,76.2,0.0440992471813985,-0.0590663998005618,-0.0446879269941662,0.0637902800707317
"163",1968,0.05142145096017,-0.0831262385987461,-0.00643052192446348,0.0879534008287029,2006,0.0558266253537496,-0.0256907956540221,-0.0900461480340801,-0.0521870275518828,71.12,0.0100074484821016,-0.0423417265541334,0.0374073872764983,0.0271726200747921,60.96,0.000771675903892592,-0.0526811119812485,0.0299675650442304,0.0375801922490274
"164",1942,-0.0842119414275247,0.10362349464926,-0.108656539618314,0.0418427114748721,1995,-0.0330873793862716,-0.0686504932597146,0.0543874321034902,0.0380086835633517,76.2,0.0240225452263408,-0.0452204747525759,0.0212779847107745,0.0438654761223953,58.42,-0.00644958597569173,-0.048146090043537,0.0395081016038006,0.0243510095098565
"165",1941,-0.0894286103655129,0.118585213870803,-0.136576930914283,0.0721487754433101,1994,-0.0411704707262736,-0.0612352353337781,0.0690277448326246,0.0200752759223264,66.04,-0.00400764826213761,-0.0367033442607154,0.0495337329508122,0.00617317694424098,53.34,-0.0208921097348604,-0.0361010684814059,0.0539716122671823,-0.00615607434238016
"166",1989,0.160971498657923,0.0504044639594164,-0.11730984241991,-0.181609446159635,2008,0.0719928080337535,0.00664820924826919,-0.0693101441539348,-0.0759584466049836,119.4,0.143206045098611,0.0418168621886342,-0.156581936501356,-0.136128362073395,90,0.083332874716148,-0.0340490617433088,-0.10757721563016,-0.00578004118258132
"167",2007,0.254871539541712,0.36711431837852,0.308344846120757,0.243086580924653,2008,0.0719928080337535,0.00664820924826919,-0.0693101441539348,-0.0759584466049836,192,0.34350053793951,0.637597843109992,0.485990018786256,0.362202064835216,122,0.174309402332958,0.136599004069551,-0.0208299407333546,-0.170177649134472
"168",1965,0.0357714441462052,-0.0814579541204653,0.0191881030199088,0.0827057541758651,2011,0.0962420820537593,0.0693075728279553,0.0177369970787261,-0.0327211605439875,89.2,0.0598879502804963,-0.040020227224196,-0.032305911913241,0.0553069687468493,61.3,0.00173830150982119,-0.0532129069758137,0.0285924416594448,0.0392083521788701
"169",1963,0.0253381062702287,-0.0774646395891883,0.0338744465040874,0.0723181253571732,1997,-0.0169211967062678,-0.0778206666210877,0.019375122116082,0.0608805279573554,96.52,0.0800829322032977,-0.0291391265965906,-0.0661567363419501,0.0369636023616041,68.58,0.0224354615426455,-0.0603362224209672,-0.005049042972791,0.0637434668705397
"170",1965,0.0357714441462052,-0.0814579541204653,0.0191881030199088,0.0827057541758651,1997,-0.0169211967062678,-0.0778206666210877,0.019375122116082,0.0608805279573554,60.96,-0.0180227450063768,-0.0283053278723219,0.0568013488275029,-0.0168487914503752,132.08,0.202967008532254,0.222951920697312,0.130862229318645,-0.00230108866372339
"171",1942,-0.0842119414275247,0.10362349464926,-0.108656539618314,0.0418427114748721,2011,0.0962420820537593,0.0693075728279553,0.0177369970787261,-0.0327211605439875,45.1,-0.0617785391724465,0.015670853800716,0.0388266079798917,-0.069403998628942,35.2,-0.0724644288276397,0.0392817181623418,0.0292552162952442,-0.0811040228752402
"172",1956,-0.0111785762956891,-0.0453369519914526,0.0592959374609363,0.00924315643338143,2010,0.0881589907137574,0.0465343374712267,-0.0196987907442171,-0.0619148876939477,77.2,0.0267814225381989,-0.0454620719222455,0.0177051574734203,0.0464768162542258,62,0.00372841305143892,-0.0542518294978543,0.0256946869450906,0.0424426639488371
"173",1959,0.00447143051827565,-0.0625633108168185,0.0543884292315526,0.039280898472086,2008,0.0719928080337535,0.00664820924826919,-0.0693101441539348,-0.0759584466049836,72.3,0.0132629237100942,-0.0432564719759389,0.033986382957816,0.031508937834211,61,0.000885396563413604,-0.0527445983431836,0.0298069128127556,0.0377736304383626
"174",2008,0.2600882084797,0.390183447560963,0.357049345747819,0.337275848981895,2010,0.0881589907137574,0.0465343374712267,-0.0196987907442171,-0.0619148876939477,130.2,0.173001920066679,0.0947587442452082,-0.174944371175891,-0.257376346496667,36.8,-0.0679156024467992,0.0305988828087572,0.0376103372686605,-0.081818092149865
"175",1950,-0.0424785899236187,0.00467384000636455,0.0320401615721079,-0.0360044442514939,2001,0.01541116865374,-0.0735196433818353,-0.0533954594769523,0.0439885764692947,96.52,0.0800829322032977,-0.0291391265965906,-0.0661567363419501,0.0369636023616041,68.58,0.0224354615426455,-0.0603362224209672,-0.005049042972791,0.0637434668705397
"176",1943,-0.0789952724895364,0.0892380004035354,-0.0832344093258217,0.0172300834732192,1996,-0.0250042880462697,-0.0741789703554844,0.0375963105253767,0.0518614931801887,53.34,-0.0390453901227357,-0.0105339893616525,0.0567208697896531,-0.0491177164703078,63.5,0.00799293778347691,-0.0562244746900574,0.0192034106186524,0.0488050825688688
"177",1950,-0.0424785899236187,0.00467384000636455,0.0320401615721079,-0.0360044442514939,2009,0.0800758993737554,0.0256478829446647,-0.0484742571491714,-0.0751872827714923,84.7,0.0474730023771348,-0.0438654645774733,-0.0123197419213094,0.0572882206471318,66,0.0151004790035402,-0.0587436792375882,0.00764380775613576,0.0575129580518017
"178",1956,-0.0111785762956891,-0.0453369519914526,0.0592959374609363,0.00924315643338143,2012,0.104325173393761,0.0939675890148505,0.0645538483374559,0.0161120907670254,51.1,-0.0452252753012978,-0.00412895283228869,0.0538318939141832,-0.0567474586715042,41.3,-0.0551220282506853,0.00828804364815783,0.053908419574268,-0.0727917353182352
"179",1958,-0.000745238419712603,-0.0573974161841812,0.0571664332696341,0.0294264314352524,2009,0.0800758993737554,0.0256478829446647,-0.0484742571491714,-0.0751872827714923,110,0.117272598367145,0.00589032386282146,-0.125119570424802,-0.0461339638069619,95.2,0.0981165604538796,-0.0170290888052349,-0.121969720492326,-0.0492540926522548
"180",1959,0.00447143051827565,-0.0625633108168185,0.0543884292315526,0.039280898472086,2011,0.0962420820537593,0.0693075728279553,0.0177369970787261,-0.0327211605439875,101.6,0.0940980289475369,-0.0182197043201554,-0.0894663297715212,0.0129364049671563,129,0.194210517749136,0.194909340563767,0.0761663593618797,-0.0760350166734395
"181",1943,-0.0789952724895364,0.0892380004035354,-0.0832344093258217,0.0172300834732192,2014,0.120491356073765,0.14894796387914,0.189213709233467,0.18906039052813,76.8,0.0256778716134557,-0.0453782653785839,0.0191485060022482,0.0454618780020059,64.1,0.00969874767629209,-0.0569166970495649,0.0165077954269752,0.0511194861046319
"182",1945,-0.0685619346135599,0.0621956868395396,-0.0395386952299413,-0.0169284844185209,1995,-0.0330873793862716,-0.0686504932597146,0.0543874321034902,0.0380086835633517,76.2,0.0240225452263408,-0.0452204747525759,0.0212779847107745,0.0438654761223953,60.96,0.000771675903892592,-0.0526811119812485,0.0299675650442304,0.0375801922490274
